Percentage of Households Below 60% of the Median Income; (after housing costs)
15.5
28.1
21.6
22.2
23.1
27.3
26.4
26.5
28.3
21.1
25.6
25.3
27.7
32.9
43
32.5
29.6
25.3
28.7
24.2
40.7
33.6
13.8
18.3
17
22.8
16.9
21
15.5
16.2
20.2
20.4
21.4
23.1
19.8
19.6
20.5
21
22.6
24
23.5
16
27.6
25.2
23.7
32.2
17.6
38.9
24.5
23.4
20.7
20.7
25.5
27.5
15.4
26.5
18.5
30.3
27.4
24.8
35.6
29.8
32.1
24.2
24.8
22.8
24
18.2
15.7
14.6
25.9
11.8
20.8
11
16.1
10.9
12.7
14.5
15.7
11.2
15.6
10.5
12
11.5
9.7
11.1
12.1
12.5
14.5
21
28
28.6
27.7
20.4
28.6
29
28
24.4
33.7
39.1
31.2
30
33.6
36.6
34.8
31.1
32.5
31.3
32.9
33.6
41.1
32.5
35.7
43.3
41.2
34.6
44.1
32.4
35.5
27.2
38
25.1
28
41.3
22
14.4
19.1
24.3
16.4
6.7
16.1
34.3
20.2
11.7
10.1
13.4
27
17.6
11.7
13
23.9
14.2
10.7
13
19.7
11.9
6.9
15.8
10.6
14.6
16.3
11.3
10.6
17.2
11.7
13.7
9.4
16.6
12.6
11
24.2
23.8
27.3
16.9
26.3
26.2
36.8
24.5
34.5
28.3
23.9
32.6
37.2
27.5
38.3
23
26.5
31.4
37.4
39.4
33.3
40.4
39.8
48.5
40.7
38.7
40.9
35.7
22.6
17.4
25.8
23.9
28.1
21.5
23.6
30.9
24.3
32.7
27
28.1
25.8
34.8
28.4
17.4
10.7
28.1
35.8
15.2
25.3
18.3
22.4
20.7
13.4
24.2
22.1
14.9
29.6
18.1
19
12.5
12.4
10.1
26
15.4
13.2
16.3
16.3
15.8
13.7
12.1
14.7
26.3
24.7
29.7
26.8
32.4
27.1
25.6
35
34
30.9
25.2
27.6
15.3
29.2
33.6
33.6
34.3
23.8
25
18.9
28.5
21.4
36.2
30
34
43.1
25.3
30
36.7
22.1
22.3
17.7
36
19.5
18
36.3
35.9
20.4
24.6
34.3
31.5
21.6
24.4
36.3
28.3
17.7
15.6
15.2
17.6
35.3
15.3
39.3
19.4
19.8
15.3
31.6
20.3
23.2
15.8
17
33.3
30.5
35.4
26.9
41.1
16.8
24
41.8
27.1
25.8
31.6
31.2
26.4
30.8
30.4
30
35.5
33.2
34.8
30.6
23
31.3
38.6
30.2
23.6
31.7
24.1
20.8
27
17
17.9
21.8
14.8
21.6
18.7
19
25.7
24
21.4
16.1
34.7
35.5
32.4
36.2
33.7
34.3
32.3
30.6
39.3
33.9
30.8
44.4
36.3
33.2
41.4
39.3
39
39.8
34.9
28.7
36.4
34.4
41.5
38.3
37.5
37.2
38.5
39.6
35.2
40.4
39.2
36.4
31
25.9
31.7
28.2
31.6
31.6
36.5
29.4
37.6
33.8
27.4
20
29.5
25.3
26.2
17.7
23.6
20.1
24.4
35
43.7
29.6
37.4
38.8
36
37.2
18.1
38
41.4
41.9
43
22
36.4
39.2
20.6
34.1
35.5
33
22.9
19.7
36.3
40.9
43.3
36
37.4
27.4
37.7
21.3
35.9
40.4
20.8
24.9
23.4
28.5
19.1
18.1
23.6
15.4
20.3
21.1
27.2
19.3
18.4
30.5
28.7
23
27.3
21.4
15
32.8
17.1
27.3
23
13.9
24.6
22.4
17.7
27.6
28.2
17.1
27.5
29.9
23.7
22.4
19.9
28.8
18
23
13.4
11.4
14.8
12.6
18.4
13.4
25.2
10.4
15.4
17.3
14.5
12.2
12.2
17.4
13
11.9
13.9
10.9
10.5
16.9
18.1
20.6
17.3
19.2
15.2
16
18.6
15.8
16.8
11.4
12.6
13.7
13.7
11.8
11.7
12.8
16.9
20.8
27.4
19.5
19.9
28.6
30.4
30.3
25.4
27.2
32.4
28.9
38.6
33.7
21.4
23.6
27.8
26.5
29.9
15.5
23.2
30.5
36.1
22.5
17
19.6
18.8
29.6
28.8
21.9
31
20.9
27.1
33
34.4
31.1
21.6
22.6
31.6
21.4
26.8
21.6
24
30
17.4
19.6
35.8
29.5
34.5
34.4
46.7
25.1
39.3
28.9
29.2
40.8
33.2
38.5
27.2
31.1
40.8
29.3
26.6
32.9
40.8
30
32.2
34.5
33.5
41.2
40.8
35.5
40.8
40.2
31.2
22
19.1
22.9
21.1
19.8
18
29.9
29.4
40.1
24.7
30.1
19.7
21.8
17.6
33
13.8
12.2
19.5
14.8
25.7
25.6
18.7
16.1
18.1
13.2
21.7
18.2
24.4
14.5
13
15.3
17.3
13.8
14.6
17
33.6
33.3
29.1
32.8
34.1
36.9
36.5
42.5
34.2
41.9
29.1
27.9
25.6
26.3
38.6
33.6
29.6
20.6
29.6
32.4
34.1
18.3
35.4
23.8
27.2
24.4
24.3
22
22.3
33.5
28
24.6
24.5
28.1
34.4
37.8
35.3
30.5
29.3
19.8
27.6
23.9
28.3
24.3
33
22.7
22.7
16.8
17.4
23.8
27.9
21.3
28.4
18.4
19.3
17.7
19.9
22.2
24.5
25
26.2
23.5
26.6
25.5
22.9
28.3
23.1
15.3
13
18.9
15.4
19.3
18.3
26.3
26.8
15.7
13.2
13.1
27.1
29.7
24.7
14.3
17.5
18.6
32.9
27.9
15.4
15.3
25.7
20.8
21.9
14.9
35
37.5
37.6
40.3
36.8
35.9
32.9
45.1
35.8
39.9
37
38.2
38.5
41.3
38.7
34.6
45.4
40.6
39.6
32.7
37.2
39.2
34.1
30.2
28.2
37.7
36.2
32.7
32.1
41.5
37.3
34.7
43.8
39.8
35.4
37
29.5
12.9
26.1
20.9
18.2
17.7
18.5
14.5
24.8
17.7
24.4
22.5
23.2
16.8
25.9
26.2
16.8
22.2
29.7
30.5
29.9
32.3
30.9
19.5
37.7
35.9
24.7
40.9
41.1
14.4
13.2
14
15.9
12.3
20.4
13.4
19.6
18
15
16
13.9
18.5
17
12.1
13.6
19.5
11.7
13.9
16.3
16.4
14
12.7
21
35
22.5
35
36.4
32.8
26.2
37.6
31.9
37
37.6
37.3
35.8
36.5
36.4
32.2
37.1
41
37.1
38.1
38.3
39.2
26.5
28.3
32.8
25.8
20.1
22.4
17.8
15.3
18.1
19.4
27.1
22.3
14.8
15.8
18.2
14.8
15.4
13
12.7
14.1
10.8
24.4
15.2
13.6
13
12.7
15.4
17.4
27.2
15.9
22.4
8.9
11.6
37.8
40.9
30.3
34
38.2
36.3
35.6
44.6
41.1
42.6
44.4
42.3
50.2
43.9
44
40.7
47
44.5
41.8
44
44.4
46
34.7
44.3
40.9
31.6
27.5
29.2
33.3
26
23.2
15.9
24.2
22.4
22.1
25.7
14.9
23.3
30.7
25.5
25.3
26.4
38.1
28.6
25
32.1
33.8
29.2
28.5
38.9
26.8
29.9
27.1
33
26.1
32.3
35.3
27.7
21
33.9
31.3
18.8
24.7
13.4
34.6
21.3
16.7
8.3
17.3
18.5
33.1
18.4
15.8
21
18.2
24.5
14.2
13.8
17
27.1
31.8
21.7
13.8
19.3
13.8
18.8
24.6
24.4
20.8
21.2
27.8
31
25.3
23.6
28.1
22.1
23.6
30
40.3
38.3
25.8
24.4
21.5
45.1
43.2
19.7
25.9
34.9
29
25.9
30.9
35.9
30.8
15.3
30.3
31.9
25.4
30.5
31.1
11.2
11.5
13.8
19.1
24.3
12.6
13.7
15.8
13.1
33.2
40.3
18.8
31.3
16.9
33.1
48.4
24.9
20.4
18.1
11.8
44.9
31.5
30.7
14.3
41.9
25.8
30.4
11.7
20.1
13.7
19.7
25.4
27.5
17.7
13.7
15.8
14
10.5
18.5
18.9
11.2
27.7
33.5
20.4
12.1
23.7
13.2
19.5
13.5
18.6
30.8
12.1
17.2
13.6
20
20.7
13.9
19.2
20.6
16.9
16.7
26.9
26
25.9
25.1
19
33.6
23.5
40.1
42.6
31.9
37.9
46.1
39.9
33.7
47.7
38.6
42
27
46
37.3
46.4
40.2
39.4
39.3
34
21.2
31.6
30.6
31.1
21.3
21.2
29.5
29.8
20.1
25.2
25.5
22.8
29
22.9
15.5
24.7
14.8
19.3
20
24.8
30.1
36.8
26.6
22.9
24.7
13.8
16.8
15
12.2
11.9
16.1
17.3
15.7
17.1
20.2
29.2
26
9.5
46.9
11.2
48.6
23.7
17.4
28.1
14.3
13.7
44.9
42.5
28.3
29.8
15.3
32.1
30.1
19
23.6
16.5
14.2
16.7
11.5
14.7
37.1
20
12.3
14.2
43.4
25.1
44.8
16.7
28.8
20.1
15
40.5
30.6
21.7
29.6
22.7
16.8
23.9
31.2
19.6
22.6
15
33.3
28
21
26.2
17.1
19.4
14.7
21.5
16.5
32.1
23.1
19.4
9.7
9.8
11.4
40.2
37.1
14.6
22
23.1
24.9
42.8
25.3
43.2
28.3
28.6
20.7
35.9
19
20.1
17
23.2
14.6
38.7
16.6
17.5
22
16.1
13.9
16.2
16
21.7
13.6
34.4
11.9
22.6
11.4
13.8
19.7
14.8
13.1
16.4
16.7
19.2
13.5
28.3
13.4
18.9
12.2
12.5
16.9
13
8.4
14.3
11.7
12.5
10.6
14.8
10.3
12.9
11.5
10.9
14.3
16.6
17.7
24.5
22
26.4
17.7
26.7
22.1
18.9
19.4
13.9
39.4
12
16.5
12.3
23
23.9
19.4
25.4
19.4
12.2
15.9
11.9
14.7
17.7
32.1
29.8
22.8
14.1
33.9
11.2
16.1
24.1
10.7
13.5
14.1
20.1
18.3
10.6
19.3
12.8
16.4
12
16.5
11.9
23.7
16.5
21.4
13.1
9.5
18.6
12.1
13.5
15.7
11.2
13.6
14.8
13.5
15
11.5
17.4
19
15
15.5
18.8
33.4
38.1
23.1
30.3
17.8
22.8
28.5
21.8
28.6
13
13.2
12.2
8.9
16.6
16.5
24.8
17.9
18.8
26.5
13.2
13.4
25
23.6
20.2
26
18.9
16.6
16
18.3
19.7
13.2
15.6
32.2
17.4
33.1
23.7
29.6
34.2
28.5
39
15.9
35.4
24.2
24.3
25.4
13.3
29.5
15
13.9
25.2
11.7
27
22.6
18.2
17.1
29.4
30
30.4
14.3
25.6
27.6
33.7
28.2
30
22.3
35.9
22.8
19.9
30.5
35.1
30.7
24.6
14.5
35.4
37.3
45.3
28.2
23.7
24.5
40.4
22.6
37
42.3
24.6
13.6
33.3
12.1
48.9
29.2
52.2
31.2
12.1
23.5
47.5
40.3
28.3
14.2
13.6
26.7
11.6
26.4
22.1
23.9
13.7
20.7
15.3
14.1
28
27.9
36.2
12.2
13.7
14.8
20.7
20.1
18.3
16.2
16.2
9.9
22.4
30.4
30.5
24.5
34.8
16.7
18.6
30.5
15.1
23.1
19.8
13.8
22.3
12.1
15.4
14.7
24.1
39.6
17.8
15.2
24.2
17.7
16.2
13.6
19.1
14.7
14.2
15.6
11.9
10.4
12.9
9.3
11.5
12.7
16.2
13.6
24.3
29.8
12
13.9
11.8
16.2
23.7
16.5
18.4
29.8
14.1
30.6
25.1
29.5
39.6
22.9
21
20.1
13.2
11.5
23.8
17.8
15.8
32.8
26.9
24.9
35.4
18.7
11.1
13.4
15.7
41.5
11.6
15.7
22
21.8
29.3
20.6
10.1
11
25.4
15.5
32.8
11.6
17.5
14.2
23.7
12.8
12.1
13.2
11.2
14.1
13.3
11.3
16.7
7.3
9.1
15.7
20.9
20.8
18.7
17.1
15.1
24.4
31.1
22
18.2
21.2
24.1
14.2
22.8
26.3
17.2
12.6
35.6
28.8
19
20.4
24.3
25.5
24.1
13.4
20.9
19.9
14.7
17.7
18.8
20.8
24.8
22.3
23
32.4
23.9
20.4
12.5
16.7
23.4
32.3
14.5
20.6
18.6
19.1
21.2
13.2
13.7
24.6
25.6
15.5
11.2
38.2
33.2
22.3
15.4
10.8
11.8
26.3
21.9
24.6
25.8
31.8
14.4
25.6
19.2
12.5
26.1
15
14.2
20.3
20
16.8
19.3
21.3
18.9
12.7
28.9
26.2
29.8
24.8
14.6
35.2
33.2
16.4
32.7
40.9
15.3
15.6
27.6
17.9
14.2
18.4
16
16
21.9
17
16.9
19.4
16.8
12.4
14.4
13.5
16.6
14.9
17.2
12.5
13.5
20.9
29
13.9
29.1
27.1
29.5
28.2
37
20.2
30.3
14.1
16.9
38.7
35.8
33
15.6
48.8
13.1
16.4
21.9
35.6
44.9
17.6
13.3
30.6
20.1
14.3
23.1
18.8
16
38.4
45.3
11
37.5
34.1
18
26.4
13.6
9.4
37.1
27.6
20.6
30.9
19.6
17.8
16.3
10.1
22.6
12.7
30.8
16.4
17.8
12.1
13.2
20.8
12.7
10.7
23.4
34.7
12.4
18.3
16.5
27.6
25.7
17.8
34.3
34.3
20.6
25.6
30.8
30
17.3
16
26.5
14.8
12.3
23.7
17.1
13.4
33.5
18.3
25
24.6
25.7
22
15.1
12.7
25.9
25.1
15
15.3
12.4
26.9
28.4
15
21.1
22.4
23.6
27.7
27.4
30.5
26.5
23.8
20
42.9
35.4
54.7
31.6
38.6
33.7
42.2
50.9
46.3
9.2
20.2
10.9
13.2
9.9
17.4
15.8
16.4
16.2
12.7
18.6
14.5
12.4
17.5
23.5
18.2
14.3
13.7
24.1
19.1
15.9
22.2
32.9
19.1
14.7
29.1
41.2
32.3
26.3
23.6
26.6
38.4
19
24.4
21.9
17
31.4
29.6
25
19.6
28.8
34.5
27.2
33.1
23.9
33
25.3
22.2
26
20.1
25.1
13.7
16.8
11.5
14
36.9
30.6
30.1
22.1
15.2
29.5
32.3
18.6
27.8
35.8
40.5
26.2
16.9
46.1
21.5
18.5
17.1
15.4
29.4
13.2
33.9
25.8
15
29.4
25.2
23.4
13.8
20.9
16.8
19.3
24.2
19.5
22.6
28.9
16
18.9
11.9
14.8
20.5
15.7
16.5
26.1
16.5
15.5
36.7
13
20.2
35.8
15.3
15.7
17
20.7
15.9
29.7
16.3
27.4
31.5
21.3
22.5
27.1
24.5
31.7
26.4
35.8
37.6
43.5
37.2
44.6
38.9
51.7
39
43.4
54.8
53.7
25.5
50.9
34.9
33.5
33.4
41.2
51.3
53
59.6
52.1
49.2
41.8
36.1
44
30.9
34.6
50
35.4
29.2
43
32
37.7
20.8
29.2
50.9
55.3
15.2
17.5
37.4
17.3
18
56.2
32.4
24.1
18
17.5
51.6
50.7
51.6
32.3
29.4
31.6
25.9
31.8
36.7
32.4
30.1
27.2
28.9
30.5
25.7
23
22.7
31
24.8
32.2
18.5
20.9
27.2
23.9
21.6
20.2
19.9
30.5
19.5
30.5
26.2
26.3
22.1
19.3
27.9
16.7
38.2
17.9
24.9
16.6
32.1
31.8
16.7
33.2
24.3
18.9
15.6
26.9
15.9
32.9
31.5
18.2
41.2
17.3
39.7
13.5
23.3
26.2
17.9
14.2
49.7
31.5
13.5
14.4
21.7
35.8
17.7
11.7
11.3
49
12.2
14.6
18.7
32.9
27.5
20.5
40.3
15
12.2
17.6
28.3
27.5
17.4
22.7
42.8
15.6
11.4
16.7
26.3
22.9
12.1
19.3
25.5
31.7
26
18.9
14.9
36.5
39.7
12
33.5
15.6
30
20.4
33.3
29.7
14.4
26.6
16.4
36
27
14.9
22.5
19.5
15.9
11.9
17.9
14.2
21.9
21.1
24.9
14.9
22.8
14.3
32.9
19.6
20.7
17.1
15.2
17.2
13.7
27.3
26.8
26.2
38.8
31.9
16.4
23
37.4
31.1
18
17.7
28.6
37
34.5
29.3
32.9
39.2
37.2
43.2
27.4
23.9
40.5
33.5
24.2
48.7
28.9
41
27.2
22.7
28.5
23.1
29.5
20.3
29.2
17.7
23.3
26.7
18.6
30.7
11.6
27.6
25.1
31.9
30.4
31.2
19
10.8
15.1
19.5
19.6
11.5
15.1
12.9
17.1
14.7
16.1
17
12.2
12.5
8.5
10.9
12.1
14
9.5
12.6
20.2
31.1
17.9
23
19.8
29.6
17.2
26.1
33.3
20.3
19.7
34.7
37.1
23.4
21.5
21.9
39.1
40.7
19
18
32.5
13.1
28.5
30.4
26.8
37.1
26.6
11.9
26.1
43
39.3
14.2
37.6
43.5
21.3
32.9
28.3
30.7
13.7
20.6
24.1
27.6
33.2
24.1
28.6
36.5
21.1
15.3
23.9
35.8
21.4
38.6
17.5
39
50.4
36.2
34.2
18.3
42.8
18.9
25.9
29.8
17.9
38.2
23.3
35.8
24.8
15.4
25.2
34.5
28.4
13
11.1
10.7
12.6
11.9
12.6
27.5
34.6
30.7
11.9
32.9
18.3
13
15.1
16.7
17.2
11.5
17.7
18.5
22.9
23.6
11.6
14.5
16.9
30.2
19.3
33.4
18.9
32.1
29.9
18
15.9
46.5
58.4
38.4
23.8
47.8
42
58.8
27.6
49.7
51.6
18.8
51.2
44.4
35.4
18.5
54.9
24.3
36.7
46.3
44
36.7
16.7
20.1
26
23.7
15
23.6
15.7
21.5
15.2
28.4
10.9
16.6
24.5
27.9
15.8
31.4
14.7
27.8
12.2
55
20.3
39.4
16.2
16.7
19.3
18.3
19
18.9
12.5
17.6
16.4
18.6
18.6
14.1
11.4
14.2
19.2
16.3
15.8
19.6
20.8
22.2
23.6
23.9
40.6
24.4
26.5
38.2
16.4
14.9
28.7
37.6
24.8
37.2
13.8
16.6
19
45.8
37.8
29.6
18.6
18.1
22.2
40
14.3
36.6
13.6
20
27.8
27.3
13.9
18.3
15.6
33.5
23.5
18.6
30.4
41.4
16.6
21.8
13.8
24.9
23.6
17.1
20.3
14.4
16.3
13.3
15.5
14.2
13.6
12.4
14.6
12.2
8.7
17.7
15.3
15
11.1
12.3
12.7
9.4
11.4
18
11.8
12.2
14.6
10.7
12.9
12.8
17.7
23
19.5
15.1
10.5
9
15.4
12.7
17.2
11.2
14.3
16.9
12
17.6
19.2
25
14.9
31.9
18
33.7
13
29.8
23.8
30.9
26.2
22.6
27.5
38.4
46.1
31.4
16.8
18.2
48.5
30.1
46.3
30.6
10.9
28.6
22.7
33.7
18.9
13.7
40.6
50.4
37.6
16.2
20.5
17.8
10.2
21.1
38.6
35.4
11.2
12.5
43.4
14.4
9.1
30.6
16.3
18.7
18.1
43.4
16.8
42.3
52
16.7
13.4
13.2
26.9
17.2
36
13.8
25
15
16.3
12.2
17
20.2
14.1
33.8
19
13.7
25.1
14.6
14.7
18
9.8
28.7
21.7
21.7
23
14.1
11.2
15.2
15
12.2
22.5
24.7
13.6
17.5
13.7
25.8
22.1
36.2
24.9
22
29.3
14.7
20.6
13.6
18.8
18.5
28.6
26.3
19.7
17.5
31.7
13.2
14.8
11.5
12.9
13.4
11.9
22.6
13.4
28.8
21.4
21.6
20.3
21.7
22.1
23.5
19.7
39
33.3
35.4
17.3
34.7
28.9
30.5
26.6
18.4
39.6
59.1
45.7
51.1
42.2
26.8
34.2
41.6
27.7
18.3
38.2
38.3
12.7
13.8
23.8
11.9
13.6
28.7
24
33.2
24.2
27.9
14
32.1
15.1
24.4
45.1
22.1
27.4
24.4
31.5
22
28
29.7
14.4
14.4
11.7
21.3
27.3
19.6
10.9
13.2
18
29.6
36.3
33.4
11.1
32.9
17.5
51
12.2
20.2
34.9
22.6
25.3
29.2
13.2
13.4
7.4
14.9
13
13
16
32.7
20.3
23
16
36.9
25.3
16.1
9.3
31
27.1
27.5
15.2
10.1
13.1
18
26.2
17.9
20.3
31.7
16.1
11.6
29
17.3
22
29.5
22.6
26.4
10.3
13.3
14.7
15
16.7
19.5
29.4
12.4
25.5
12.1
12.2
19.4
12.3
30.5
11
10.1
13.4
26
23.1
10.3
25.1
11.4
10.8
11.7
10.1
12.3
18
17.1
38.4
34.4
33.9
45.7
42.5
33.9
30.4
11.5
24.8
19.4
11.2
20
27.6
22
14.7
11.8
15.4
19.3
19.8
17.5
16.2
45.4
38.6
40.5
18.9
48.1
27.3
14.5
49.2
24.9
29.3
21.1
26.3
17.1
16.9
21
35.6
39.8
31.9
13.2
16.9
15.7
40.5
26.4
26.7
26.8
23
8.2
14.6
39.4
20
42.5
26.9
24.3
23.2
38.7
23.4
16.7
47.4
22.5
31.9
25.8
18
52
46.9
32.3
17.5
18.1
37.8
29
36.7
16.3
12.4
12.3
15.8
12.8
18.2
10.9
12.6
12
8.8
22.7
12.5
14.4
12.3
13.1
14.3
13.3
11.8
19.4
15.5
12.3
10.3
13.5
13.2
10
13
18.1
11.7
15.1
11.7
18.4
26.9
20.8
27.7
13.8
21.5
55.1
35.3
21.7
31.7
33
12
21
19
20.7
34.1
16.8
16.9
21.6
28.5
17.2
16.2
22.1
38.4
14.6
12.7
12
12.6
18.9
16.2
16.4
16.7
16.9
19.6
27.5
40.7
15.8
23.5
17.4
17.2
15.6
23.5
26.6
25.1
20.9
13.8
11.6
13.6
15.5
16.2
17
10.4
11.9
10.2
14.2
11.3
11.3
12
10.6
21.3
20.6
11
13.5
27.3
13.5
24.6
16.1
13.1
20.7
18.9
12.5
10
11.5
14.2
9.7
11.3
12.7
10.3
21.2
17.7
16.7
29.7
28
21.4
10.4
24.8
15.8
33.6
17.1
10.3
49.1
19.6
53.9
13.6
34.8
14.6
15.4
30.7
19.4
24.9
32.9
19
22
27.8
16.6
16.7
25.9
23.5
35.7
33.9
29.5
38.4
34.6
20.1
22.3
40.2
42.8
36.7
24
32.9
45.3
57
35.8
17.1
33
45.2
36.4
23
43.2
33.1
34.2
22.2
22.1
24
16.3
20.2
36.6
32.8
13.8
14.8
14.3
13.3
16.9
17.2
36.6
21.6
31.8
29.1
22.6
29.3
25.5
20.5
36.5
23.1
34.1
34.1
27.2
27.2
41.5
50
26.6
31.7
37.8
50.4
49.9
22.8
28.6
45.6
16.6
30.4
41.1
16.7
34.6
26.8
16.6
27.3
25
27
16.1
23.9
26.3
21
19.6
19
16.9
17.2
17.9
18.9
17.5
24.9
17.1
13
22.1
17.4
29.2
17.9
18.1
19.4
18.6
19.6
16.5
13.7
14.5
14.7
14.2
23
13.2
18.1
18.8
25
15.7
29.9
20.5
18.1
24.1
13.2
14.3
33.6
24.9
21.8
24.7
32.5
24.2
29
19.2
24.5
27.6
23.1
32.7
23.6
13.5
22.9
32.6
18.7
34.6
33.4
30
21.4
39.3
37.2
36.1
17.9
24.2
23.8
19.7
26.1
20.2
16.2
14.8
20.5
27.4
29.5
30.3
15.9
27.4
29.6
12.7
8.2
18.2
21.3
13
15.3
18.7
20.5
21.5
21
27.6
13
29.2
17.2
16.3
20
21.3
14.7
17.8
20.2
17.1
16.2
15.8
15.4
15.2
20.7
15
16.8
16.3
23.8
27.2
30.1
21
26.5
17.1
20.6
21.1
15
16.6
11.6
20.2
23.2
28.7
10.2
16.3
18.5
26
21.8
23.5
20.3
24.6
40
35.9
24.6
19.5
26.5
28.5
19.9
31.3
15
25.3
18.2
22.3
22.4
17.8
29.4
20.7
16.2
16.8
17.1
28.5
32.1
16.2
20.7
18.3
19
28.3
31.5
12.4
36.2
12.2
12
12.9
14.1
14.2
11.7
18.2
10.9
11.7
13.6
12.9
13.9
14.4
17.4
15.1
19.9
14.9
28.9
34.8
35.1
27.7
15.8
15.2
22.4
12.8
15.2
13.9
15.1
13.9
13.7
18.7
13.6
13.4
15.6
17.5
12.4
13.3
12.9
13
15.8
11.2
20.1
15.9
11.7
9.8
14.6
19.8
17.9
16.7
18.9
21
19.2
12.8
15.1
13
11
12.9
21.2
21.2
22.4
19.9
20.6
24.6
14.8
20.7
18.8
15.8
14
26.6
23.7
12
14.3
12.2
10.5
9.2
23.7
22.6
15
31
22.4
22.1
37.6
42
32.2
39.9
12.9
14.6
13.1
25.3
24.9
17
31.6
24.8
27.1
43.1
25.6
14.9
18
24.6
38.4
18.1
14.7
22.4
18.7
23.3
20.7
16.6
15
31.3
15.5
22.6
26.6
23.9
17.1
14
20.4
25.6
17.6
27.3
23.4
39
22.4
46.9
15.6
32.1
13.3
12.9
12
16
16.2
15
21.1
21.6
18.1
15.4
20.3
15.5
14
19.5
23.7
20.2
15.3
10.1
14.3
33
14.5
17.8
24.8
28.8
17
15.4
26.9
16.1
19.1
13.3
15.5
43.7
36.3
18.3
16.5
24
30.9
16.9
23.3
18.9
14.9
14.6
13.4
17
11.3
11.4
19.1
18.2
32.7
30.8
30.4
34.8
23.2
31.3
31.2
42.1
14.1
23.7
23.4
11.6
17.1
29.6
14.4
17.4
31.7
21.2
26.7
23.2
16.1
14.5
26.8
36
25.2
18.6
20.1
15
41.1
21.5
51.5
43.6
43.4
30
35.4
15.2
18.9
16.5
19.2
19.6
19.2
21.4
11.6
21.7
35.4
14.4
22.4
22.3
36.7
30.5
14.5
19.2
14.7
20.2
18
16.3
14.7
24.5
31.4
24.2
24.1
19.6
26.3
18.1
17.6
27.5
25.9
31.6
31.9
22
13.1
16.5
17.4
16.1
22.1
23.9
26.2
31.4
23.9
20.7
34.6
20.7
28.2
39.7
21.7
18.5
23
18.8
37.6
23.7
29.1
14.8
19.6
19.5
18.8
25.5
18
17.6
15.4
23.2
11.1
17.4
14.4
11.4
14.8
18.8
15.4
13.5
13.7
13
20
12.9
22.2
23.6
17.5
13.5
17.1
14.6
15.8
12.4
15.2
14.8
15.6
21.9
15.1
13.5
13.7
14.3
13.1
15.7
18.2
20.5
13.9
18.5
19.5
11.4
15.5
19.5
13.8
16.6
17.8
18.3
11.5
17.2
12.2
10
14
17.8
13
24.3
29.4
23.3
20.7
33.6
39.3
26.4
24
26.7
22.1
28.9
34.5
24.1
26.7
33.7
22.1
40.5
36.8
22.9
38.8
25.5
41.8
18.3
31.7
27.8
25.6
26.2
19.7
13.9
24.7
10
23.1
14.9
24.3
15.4
16.2
21.8
20.6
19.4
16.4
23.6
14.4
13.7
17.9
11.6
19.6
11
13.5
10.4
21.3
17.6
13.4
8.9
14.8
13.2
11.9
12.3
18.1
11.8
10.1
11.8
12.9
11.8
9.6
11.9
12.9
11
13.7
12.5
16.5
23
16.8
20
26.7
14.9
15.3
33.6
22.2
35.7
15.8
20.9
13.1
34.3
15.5
18.7
27.7
17.2
36.4
15.9
17.6
19.2
20.7
14.7
19.4
22.8
16.2
29.6
17.1
32.2
16.8
17.7
17.6
24.6
15.7
35.6
33
16.6
18.6
22.4
23.8
26.5
33.6
20
20.7
21.3
33.5
27.1
20.1
29.7
25.3
35.8
38.1
36.2
38.6
31.5
40
42
37.5
29.8
15.3
29.9
29.3
14
19.9
12.6
17.2
14.2
20.4
22.1
17.1
19.2
44
15.8
28
45.8
17.4
43.3
19.7
22.8
17.1
33.3
18.2
28.2
26.2
20.4
16.1
32.1
28.6
26.2
20.8
24.3
17.8
25.1
30.3
16.3
30.5
31.1
21.8
25.2
21.9
32.2
18.2
19.8
25.3
28.3
51.5
33.7
19.3
27.3
19.5
30.4
24
38.4
17
20.1
29.9
20.2
14.4
22.4
33.9
20.3
22.3
26.9
24.1
26
18.1
17.8
22.6
18
25.2
19.4
30.2
19.8
27
18.7
18.3
12.9
17.1
17.8
13.1
16.4
15.3
14
13.4
13.3
12.1
13.1
10.7
17.5
11.9
10.8
14.1
15.9
15
13.2
15.6
14.5
23.2
10.8
25.4
33
15.5
29.1
32.7
27.7
30.1
21.6
19.7
20.5
13.8
15.2
13.5
15.1
13.8
20.5
15.1
10.4
23.5
10.8
19.5
16.3
16.6
21.2
23.7
14.9
15.7
14.4
9.4
18.3
15.3
12.5
15.5
14.2
13.2
12.4
10.8
15.9
19.4
20.4
23.2
16.4
25.4
14
14.6
24.5
14.9
17.7
13.1
9.9
16.3
10.4
13.4
19.5
14.2
22.7
13.3
14.3
14.5
13.7
12.5
14.9
16.5
11.8
14.7
17.8
16.3
17.4
14.7
20.1
16.6
16.8
12.3
11.1
16.6
18.8
15.9
21.6
13.1
25.3
23.7
25.6
39.9
23.5
24.2
22.1
22.7
17.5
17.8
13
18.1
13.7
17.1
23.8
23.7
24.5
25.4
19.6
21
16.6
23.3
20.4
24.5
17.9
13.3
19.6
22.5
14.6
16
16.8
15.3
18
18.9
14.9
16.8
22
31.4
29.1
23
19.2
18.8
22.7
16
19.7
17.6
20.3
14.4
13.6
17.9
12.4
12.5
13.9
13.5
27
17.8
10.7
13.5
16
18.6
17.7
13.3
11.5
12.9
10.3
19.3
12.9
15.2
17.5
14
14.6
10.9
14.4
13.4
15.2
17.5
18.2
12.8
14.9
16.5
15.4
11.1
13.6
13.1
15.6
15.1
15.1
14
14.9
17.9
11.1
24.7
23.2
13.2
12.9
26
25.3
16
15.4
11.4
13.9
21.6
15.4
14.4
14.9
13.2
16.2
15.9
23.3
18.9
12.3
12.3
13.7
11.3
15.5
13.7
15.1
13.8
11.1
23.7
28.2
25.5
13.7
24.3
11.4
21.7
14.3
23.9
10.9
19.7
11.5
11.9
17.2
15.5
16.7
13.6
16.9
13.4
30.4
24.4
10
19.9
27.4
13.6
11.6
11.5
15.5
11.4
11.1
16.6
13.8
13.1
13.1
10.8
15.4
12.5
14.7
12.9
13.9
13.3
14.3
17.7
11.2
17
20.4
13.5
21.8
14.9
14.4
15.9
13.6
15.8
21.8
18.3
19.4
22.4
10
12.1
12.6
19.5
16.4
21.6
24.7
20.3
14.7
19.7
17.4
20.8
19.3
27
12.9
15.8
17.1
14
18.5
16.9
17.4
23.5
18.5
19.6
17.2
17.9
15.9
22.3
17.2
16
19.2
25.6
28.7
25
16.6
19.8
28.2
20.7
20.7
21.5
27
24.9
22.2
18.2
19.1
17.9
21.5
18.3
20.3
18.6
20.8
21.1
22.1
16.3
17.2
21.4
18.1
17.6
22.3
26.2
21.2
22.1
18
21.7
21.7
26.3
33
23.9
23.2
22.3
18.6
29.3
24.1
21.4
20.8
19.5
20.9
19.9
15
18.9
24.9
19.2
16.8
12.8
17.6
18
27.3
13.5
13.7
17.8
26.7
20.3
13.3
14.4
14.7
16.4
9.2
29.8
13.2
15
22.9
35.7
19
19.3
17.6
17
9.1
9.8
9.9
22.4
10.5
20.4
23.4
19.7
29
21.8
10.7
20.4
22.7
12.2
19
22.2
16
13
17.8
17
13.9
18.9
12.2
16.6
14
16.2
16.8
16.2
13.6
22.8
12.7
12.2
19.1
16
15.2
14
14.9
18.9
15.8
13.2
23
15
29.1
15.7
18.7
11.9
13.5
21.2
9.9
18.2
13.6
16
16.8
15.5
14.2
16.1
17.3
24.7
25.7
17.9
24.8
22.6
17.8
22.5
17.1
20.2
24.9
19.4
26.2
15.8
19.5
21.4
19.3
13.2
23.8
10.3
16.1
30.9
15.7
13.9
16.5
16.1
12.5
19.1
17.4
15.9
20.5
13
30.2
23.4
12.9
11.5
17.2
25.2
16.6
13.9
20.2
11.9
26.1
15.3
12.6
16.1
16.5
24.1
20.1
11.8
13.7
17.8
15.3
24.1
21.5
11.2
15.1
12.4
14.5
11.5
10.1
17.9
12.7
26.5
14.4
17.8
27.5
19.6
14.4
12.5
13.7
14.7
13.3
13.6
16.4
18.1
19
16.1
14
19.9
14.7
14.9
19.6
9
16.2
14.5
17.2
17.2
15.6
13.9
15.2
9.2
12.9
13.6
16.8
17.3
18
19.3
12.8
20.9
15.8
27.8
17
15.7
21.5
39.4
20.6
18.5
10.6
19
23.5
14.3
15.4
14.5
14.5
19.3
23.5
24.9
16.6
17.4
16.5
19.5
16.1
17.5
27.7
19.9
20.6
15.5
11.1
16.6
18.4
28.2
19.5
18.6
15.1
14.9
17.7
19.1
14.2
16.6
22.5
16
12.1
16.9
21.2
17
15.9
20.2
17.8
18.3
19.4
14.3
18.1
15.7
15.8
24.6
18.2
10.8
16.5
27.9
16.3
17.3
13
28.7
23.2
17.1
20.9
17.1
18.5
19.9
18.4
23.8
21.7
18.5
23.2
17.8
21
17.1
15.4
21.5
17.1
21.2
15.9
13.4
15.3
13.8
14.8
16.2
14.3
26.6
19.1
17.2
16.7
12.3
16.1
11.4
16.5
15.7
13.4
21.2
10.6
20.7
11.2
10.8
17.5
13.8
18.5
15.7
17.7
13.3
19.1
12.6
17
16.6
19
15.4
19
17.3
17.3
14.7
17.9
12.4
19.2
20.4
16
20.1
16.3
13.4
14.6
14.9
20.8
14.2
16.8
27.8
21.5
16.3
14.8
20.1
16.3
12.9
25
14.1
27.2
11.4
17.8
19.8
14.7
15
20.8
27.6
30.6
27.6
20.2
24.1
22.3
17.9
21.1
12.4
17.7
21
21.1
13
27.4
28.3
13.6
21.1
24.1
19.9
20.8
16
22.8
30.1
19.9
22.9
31.8
29
33.3
24.6
21.6
27.3
29
22.5
16.5
23.4
33.8
28
23.9
27.3
15.2
33.3
15.1
31.9
20.5
21
20.7
18.2
20.6
18.5
28.9
22
33.7
29.7
17.1
24.4
35.9
23.1
20.8
23.4
23.2
18.6
19.6
24.8
20.7
41
29.9
19.8
17.2
14.9
30.9
23
32.6
21.1
24.5
29.5
41.2
19.8
44
15.2
13.4
19.1
18.6
19.1
18.6
21.3
21.3
25
22.5
14.6
16.9
23.4
17.4
20.6
15.4
24.4
15.5
16.7
28.4
20.8
12.2
16
30.7
16.4
13.2
14.8
11.9
12.5
14.7
17.4
11.1
15.6
15
16.5
14.9
12.2
14.1
17.6
23.7
27.3
11.1
19.2
15.8
12.3
8.1
12.7
13
12.3
18.5
17.1
14.7
14.8
20
22.1
23.1
25.3
31.2
24.9
27.3
33.2
21.5
27.9
33.1
19.6
13.9
26.3
16.8
14.4
17.7
22
17.2
15.8
15.6
22.7
22.1
13.7
22
18.3
12.5
15.5
17.2
21.8
19
15.4
15
16.2
19.6
17.3
9
13.8
15.6
18.6
13.2
15.2
13.5
14.8
13.2
10
20.1
14.3
18.1
23.8
25.1
19.7
24
18.5
14.7
18.7
12.5
16.3
28.9
13
14.9
16.8
19.6
15.5
11.5
14
19.5
10.3
15.8
18.7
20.7
13.7
13.7
21.3
13.5
18.6
13.9
12.9
20.7
34.1
14.6
12.9
22.7
15.5
13.6
14.8
21.2
23
14.8
21.5
10.8
18.8
15.7
19.4
16.8
19.7
19.4
20
17.7
25.8
19.1
26.1
20.4
26.3
14.7
21.2
18.1
13.6
16.7
21.9
18.8
24.6
28.2
24.3
12.8
22.1
27.1
24.3
19.3
22.9
21.5
17.5
12.4
16.2
24.4
16.1
18.2
16.9
19.3
15.8
12.7
10.9
27
12.8
13
17.5
16.5
12.5
17.8
30.6
23.6
17.4
16.7
15.2
24
20
17.5
14.8
22.8
20.4
22.7
21.2
27.1
30.4
43.1
24.3
36.3
13.7
13.9
12.1
13.9
9.8
16.8
17
15.2
17.5
15.1
15.3
21.8
28.9
25.7
27.4
20.9
19.5
20
11.7
13.8
10.8
11.3
15.3
14.3
11.5
15.9
15.2
17
17.2
14.5
27
15.4
13.8
12.8
15.2
17.1
18.5
17.1
21.6
17.9
17.4
19.9
18.3
20.3
16.3
11.1
24
12.5
35.5
38.6
11.6
16.1
31.6
21.3
10.4
26.2
21.7
14.7
12.4
15
14.3
13.1
16
16.5
20
21.4
13.5
14.3
14.9
17.3
16
16.2
16.9
18.2
12.8
13.1
21.6
15.6
14.8
12.6
16.2
11.2
16.2
15.1
10.8
14.4
15.3
14.8
13.5
9.6
20.9
15.2
18.4
15.9
22.7
18.9
18.5
22.3
13.7
13.3
16.1
12.6
15.8
14.4
9.7
17
14.1
29
12.3
16.3
16.5
10.7
14.3
13.7
15.1
12.9
18.8
12.3
16.8
12.1
10
12.8
16.4
11.4
19.6
21.1
9.8
13.7
8.8
17.3
10.2
18
16.4
16.4
9.8
13.3
17.1
12.4
10.2
13.4
12.9
14.5
10.7
11.4
21.5
15.2
14.9
10.5
18.2
21
10.4
20.4
20.8
13.6
17.3
29.8
14.5
15.7
13.5
11.9
11.7
15.2
10
10
12.7
14.4
12.4
11.9
14.4
17.9
12.6
23.5
27.7
20.9
32.7
28.2
30
16.3
14.3
16.1
18.2
20.5
21.5
15.7
18.6
14.1
18.3
13.2
15.8
18.1
16.4
16.2
13.9
15
19.3
20.1
16.2
13.6
17.3
18.5
13.1
20.4
25.4
21.6
12.9
13.6
22.2
27.4
12.5
12.1
12.4
16.6
17.4
42.7
19.4
26.7
17.6
24.5
14.7
21
18
18.7
13.7
13.1
15.8
13.5
15
14
23.9
11.5
11.3
8
13.3
14.8
15.2
12.5
16.2
16.8
24.7
21.3
26.9
11.3
14.6
16.6
14.9
12.5
12.5
15.3
22.2
23.1
15.3
21.2
18.3
15.5
25.6
22.4
23
26.6
23.6
34.3
16.6
12.8
16.1
13.7
18
19.2
21.9
25.6
11.1
20.9
18
16
23
13.5
18.6
18.2
15
12
18.9
20
15.1
16.3
14.4
18.8
13.7
16.2
14.6
16.7
17.6
11.3
19.4
15.9
14.6
16.7
13.7
15
24.1
13.9
15.5
15.6
17.3
18.3
22.1
19.6
13.1
29.1
26.1
17.5
23.5
15.3
21.3
15.5
15.4
18.7
9.2
20.9
17.4
12.5
19.8
21.6
16.9
20.9
19.6
17.1
16.6
14.3
16.2
15.2
11.8
14.8
14.1
16.8
12.9
17.1
14.4
15.8
20.6
12.8
16.9
15.1
14.9
9.6
20.8
21.2
22.7
16.8
18.5
14.4
18.8
16.7
20.8
15
21.2
21.7
15.7
25.3
18.6
19.7
20.7
17.5
15.4
16.5
12.5
12.9
16
12.2
15.4
21.8
20.5
17.1
12.4
30.2
20.2
19.6
22.9
21.5
19
19.2
15.3
16.8
31.2
25.4
28.5
18.9
13.4
15.5
15.6
22.2
20.7
20.4
23.7
17.1
20.3
28.9
24.6
30.4
26
24.8
13
14.6
18.9
18.8
14.8
17.1
24.9
15.9
24.8
26.4
17.2
16.2
18.5
17.9
18.2
17
32.6
19.2
21.8
23.1
14.3
13.7
19.5
17.6
15.1
19.9
19.2
17.2
24.2
32.4
18.8
15.3
17.7
30.1
17.8
19.3
25.6
18.9
23.9
11.6
14.8
23.3
14.6
19.5
18.6
15.5
18.8
17.7
18.7
20.7
20.2
23
20.6
18.4
16.2
13.2
27
29
28.9
17.8
28.9
44.6
28.1
24.1
17.1
24.2
26.2
18.2
19.3
16.9
26
13.8
14.6
12.8
15.4
13.2
28
13.1
24.5
13.9
18.7
21.8
22.8
18.4
15.6
31.7
19.2
15.4
17.2
15.8
18.2
15.5
13.1
25.4
18.2
18.3
15.5
17.4
13.3
14.3
17.7
9.4
15.8
14.1
15.5
17.6
17.8
16
27
27.8
22.6
16.4
14
16.7
24.2
22.8
20.5
23.9
34.9
36.1
22.8
20.8
24.2
29.3
16.9
17.8
17.7
34.1
22.6
17.4
15.3
21.2
20.1
22.8
20.4
55.3
19.7
39.9
30
22.3
33.8
28
17.6
18.2
19.8
21.6
20.7
32.4
21.8
26.1
42.2
18.2
14.5
18.6
12.5
19.4
12.6
8.1
19.3
22.4
11.9
15
17.2
14.8
17.4
14.5
17.5
17.1
22.8
11
14.7
23.5
14
21.8
17.1
13.6
19.4
18
14.2
21.4
44
24.5
15.4
22.9
32.6
20.9
14
33.4
14.3
24.3
11.5
13.5
13.2
10.2
16.5
15.5
14.5
24.4
19.1
12.6
20.9
15.1
12.7
15.5
13.9
14.7
16.9
14.6
22
13.6
15
12.7
17.8
15.9
16.4
20.7
22.2
39.1
19.9
16.3
15.2
13.3
14.5
12.7
19.4
17.1
35.4
19.1
34.4
24.4
24.4
17.9
28.9
17.2
16.8
16.3
15.7
14.4
16.1
17.8
15.1
26.4
22
12.6
26.7
13.7
42.8
35.1
33.4
20.4
22.9
12.2
12.5
9.4
13.4
24.8
16.1
22.2
11.6
29.1
12.1
26.8
20.3
18.3
37.4
43.7
29.3
36.3
13.8
13.9
17.6
11
9.5
13.2
11.2
10.8
14.7
21.9
21.9
19.8
11.9
13
19.8
8.6
10.8
10.5
11.2
12.6
19.8
15.9
14.3
13.4
10.5
9.6
11.5
14.4
13.9
17.5
9.7
22.8
12.6
18.9
15.6
13.9
12.5
12.1
18.8
12.9
17.6
27.9
20.1
10.4
26.3
31.7
15.7
28.4
15.6
22.4
17.2
20.5
15.5
12.8
21.5
13.3
14.2
15.8
10.8
14.3
11.7
9.8
13.9
13.8
17.7
14.5
12.3
16
13.3
11.6
12.6
16
12.8
29.2
25
20
13.4
17.2
17.9
13.3
20.8
9.5
13.7
11.8
13.9
13.2
11.3
13.7
15.1
15.1
11.7
14.2
19.7
16.4
14.9
12.3
10.5
10.9
11.3
10.3
18.8
11.8
14.2
12
11.2
13.7
14
13.4
19.5
19.6
14.7
10.5
22.8
14.3
21.5
20.7
12.7
13.4
11.9
13.9
20.6
17.8
15.9
13.4
13.4
15.8
18.5
17.1
16.4
15.6
17
24.9
20.6
13.1
16.8
15.6
17.2
22.3
19
10.4
19
38.7
31.5
26.7
20
23
14
16.5
21.2
19.8
28.9
27.4
18.6
21.1
15
32.8
21.4
28.2
18.5
42.9
30
16.9
23.2
17
32.4
20.6
15.7
31.4
27.8
33.6
27.5
17.4
12.7
32.3
15.6
10.7
11.6
14.1
15.1
14.1
18.8
10.8
14.6
21.4
13.5
15.4
18.8
18.9
23.5
19.4
20.6
21.2
26.9
25.2
18.5
16.8
17.3
14.5
14.2
20.3
14.8
24.9
22.4
11.8
15.9
17
12.5
17.3
12.1
13.7
11
17.7
14.5
14.6
14.8
18.1
29.4
20.2
29
15.8
12.1
12.9
12
14
16.1
16.7
20.8
15.7
22.3
16.9
23.8
18.3
22.1
19.7
18.5
17.1
14.5
15
31.7
18
26.5
14.3
16.1
14.1
15.5
11.2
12.2
13.5
11.8
12.1
16
11.6
13
13.2
12.8
15.3
12.2
12
15.1
17.8
17.9
18
28.3
38.7
48.3
30.3
15.2
27.9
19.1
26.1
15.3
18.1
20
16.6
17.8
15.6
11.7
15.8
39.5
20.4
23.4
25.3
35.8
18.6
21.7
13
19.8
21.9
20.3
17.9
19.8
19.1
18.7
25.9
19.9
18
18.5
22.1
18.5
19.7
19.9
20.7
15.5
21.2
17.7
24.6
30.7
19.8
22.8
24.8
26.5
36.5
17
25.8
21.6
13.5
26.7
13.8
11.9
12.2
15.5
16
12.3
11.9
16.1
12
15.2
13.8
17.8
19
16
20.6
18.4
21.5
22.4
20.8
26.9
30.2
13.3
12.7
13
13.1
14.5
15.1
19.7
24.3
15.9
14.6
15.7
13.4
14.2
16.5
17.6
19.9
15.8
16.7
25.6
10.4
16.7
14
19.2
12.6
29.2
25.8
24.9
11.9
21.5
13
12.5
15
12.8
15
25.7
21.8
18.5
28.7
16
26.9
17.8
25.9
25.4
19
11.6
23.7
16
34.8
19.3
12.9
10.7
48.4
20.6
37.8
25.4
27.5
22.9
20.7
19.2
11.3
12.8
10.5
9.8
13
11.4
10.8
14.3
12.6
12
11
9.6
18.8
11.5
19.2
23.4
13.8
29.2
27.7
29.7
21.9
26
14
14.9
13.8
26.1
19.1
18.4
25.5
17.8
20.1
36.7
24.1
25.7
19.9
10.2
7.6
21.6
16.5
16
13.8
19.7
20.4
18.1
18.5
24.2
10.3
16.9
16.2
15.6
18.3
16.1
17.3
16.8
14.7
18.4
26.9
26.6
26.5
20.3
14.1
17.6
24.7
16.3
15
15.3
14
13.3
17.4
21.5
12.1
12
16.9
11.3
14
14.8
9.6
11.7
11.8
13.3
15.3
13.7
10.4
16.4
16.8
10.6
14.9
13.2
11.3
10.6
8.5
15.2
9.8
12.9
10.5
20.7
13.8
18.3
11.9
9.3
13.3
10.8
8.1
9.9
15.3
15.5
11.9
10.6
14.4
15.2
15.8
14.8
13.3
16.3
12.7
21.2
16.5
22
14.3
13.2
34.6
25.1
19.6
20.2
31.4
14.8
23.9
12.6
18.5
11.8
11.6
12.1
12.4
25.9
16.1
11.9
13
14.2
17.4
22.5
15.5
25.7
23.3
33.6
16.9
21.2
28.3
17.1
17.2
16.8
18.4
16.4
21
13.6
22.6
22.6
14.3
17.6
20.9
19.9
15.3
17.8
21.8
20.2
37.8
21.8
20.6
17.5
16.2
27
13.6
16.5
13.9
18.1
22.5
17.8
27.9
17.3
16.7
14.3
12.4
14.1
15.2
15.4
22.1
19
11.8
14.1
11.2
13.7
15.2
15.9
16.7
20.7
19.6
22
23.4
14.1
26.9
17.1
23.3
16.6
31.1
35.8
20.7
12.7
32.5
10.2
23.3
17.3
16
14
15.8
17.6
25.1
15.6
17.3
24.5
15.3
11.5
13.7
13.4
12.2
12.1
14.6
21.8
12.5
14.5
15.7
16.1
13.5
14.2
12.8
16.4
13.8
11.4
16
15.8
19.5
29.7
25.2
13.5
11.5
13.5
15.9
13.4
11.6
13.5
13.4
14.2
14.8
10.7
16
13
13.6
17.1
21.9
19.9
21
26.4
18.8
19.9
33.1
24.7
28.1
25.9
24.4
22.8
27.5
22.8
24.8
29.5
30.4
11.2
19.3
14
12.4
13.8
19.4
14.5
17.1
10.8
16
13.1
17.4
19.5
16.7
11.2
20.4
17.1
14.3
14.7
15
12.5
14.4
15.7
9.7
14.7
19.6
15.4
16.5
16.5
17.2
11.7
14.8
11.4
17.2
15.8
15.3
14.2
16.1
12.7
15.7
14.9
14.7
18.4
15.2
19.3
12.5
14.7
18.9
15.9
13.3
15.7
18.7
17.9
17.9
20.2
22
16.8
17.5
20.3
21.5
17.3
15.7
15.2
18.9
19
22.7
16.3
14.6
14.1
21.1
15.2
20.2
19.6
19.8
15.8
14.1
15.7
14.5
12.9
16.8
14.6
21.4
13.8
18.3
18.4
19.1
17.9
15.4
17.6
13.7
24
13.9
14.3
19.3
16.9
17.7
16.5
23.2
13.9
15.6
23
17.1
14.3
13.4
20.1
23.9
19.1
18.9
28.5
26.8
16.4
14.7
16.3
32.8
14.7
18.7
15.6
18.8
13.7
17.8
13.3
15.9
17.4
18.7
17.6
14.6
12.7
19.5
24.6
27.6
14.8
15.9
13.4
16.7
15.7
16.2
17.7
25.3
16.9
14.7
10.7
20.1
21.4
14.2
13.6
19.3
13.4
24.4
21.3
10.6
21.5
14.8
15
23.6
19.6
21.1
19.5
21.7
13.2
23.3
18.7
20.6
19.3
18.6
27.9
23.1
18
10.7
17.6
27.7
20.3
14.1
12.3
17.4
12.7
12.4
13
19.9
25
26.5
19.1
31.6
13.4
15.4
24.5
15.9
16.2
13.8
15.6
24
12.6
16.6
11.9
14.5
11.3
22.6
14
18.5
13.6
20.1
20.6
13.4
16.5
19.4
26.7
17.5
11.2
29.8
27.5
20.5
20
17.4
11.3
13.9
13.8
20.5
15.2
14.8
19.6
15.9
21.1
22
13.1
12.3
19.5
21.2
14.4
16.9
16
15.1
16.9
9
15.6
11.9
18.6
11.8
21
26.2
10.8
14
23.4
8.6
14.9
20.5
20.4
13.9
23.4
15
20.8
14.4
16.2
13.3
13.2
17.8
18.8
13.2
12.1
14.1
27.4
19
17.4
14
21.1
30.4
15.3
12.2
14
16.5
16.5
16.9
16.2
13.9
18.5
22.5
19.9
14.1
13.1
14.4
21.5
15
15.4
21.9
13.8
21.3
22.4
13.3
23.4
16.1
19
30.5
30
19.1
14.5
30.8
18.4
27.5
21.6
22.2
21.4
24.5
16.5
14.6
18
13.4
16.3
16.9
15
24.6
15.8
12.3
13.2
13.9
17.7
12.4
23.1
13.8
11.6
20.7
16
13.3
16.8
17.5
14.5
21.6
18.9
20.2
17.7
15
17.8
18
15.9
13.8
13.7
17.5
15.3
10.8
13.7
12.7
13.2
23.5
21.7
14.4
27.9
18.6
30.4
21.4
14.5
36.7
26.1
17
22
16.8
18.9
17.4
15.6
19.9
16.8
14.9
19.5
19.9
14.7
13.9
15.7
12.5
12.2
13
11.2
14.8
14.1
18.9
14.7
13.9
15.5
8.5
15.6
17
12.9
15.1
13.8
16.8
18.9
10.9
14.2
17.3
10.6
12.5
16.5
18.8
27.6
16.9
19.2
21.1
11.4
26.6
19.5
13.1
21.3
18
13.1
14.9
15.6
15.3
22.4
15.2
10
18.9
16.5
17.9
17.6
16.4
20.1
14.8
18.1
14.7
11.8
13.6
15.3
24.7
11.5
14.9
21.9
11.7
15
14
16.1
19.9
15.3
18.3
16.2
8.7
18
19.7
18.6
18.8
18.5
15.5
22.7
15.1
19.7
18
14.1
24.2
23.2
12.9
20.8
13.4
16.5
22.2
21.9
14.2
15.2
19.1
15
11.7
11.3
16.2
13.1
22.2
13.7
12.1
13.5
17.1
13.7
17.4
14.2
15
14.8
13.6
12.3
18.5
12.9
19.9
19.6
19.1
15.2
19.8
17.7
13.7
19
15.6
20.9
18.3
13
15.1
12
16.5
15.6
12.9
11.9
14.6
14.1
18.1
14.6
11.1
12.8
35.7
17.4
17.5
14.3
13.9
15.1
15.3
15.9
14.4
14.3
19.5
21.6
14.7
18.8
14.2
15.2
13.7
28.4
12.6
13.6
30.5
23.8
21.7
16
29
22.3
12.5
17.4
23.4
17.4
19.9
18.9
12
17.1
27.7
13.9
24.6
22.6
13.2
10.8
18.8
13.9
15.3
12.4
18.9
12.6
17
15.1
11.9
17.7
11.6
12.7
14.8
10.2
14.1
13.5
12.3
11.4
10.2
12.2
12.6
13.4
12.3
13.2
21.3
14.1
13.6
17.7
21
16.2
13.7
28.1
12.1
13.7
17.6
10
14.6
23.4
17.2
19.7
23.2
19.4
17.9
18.8
13.9
25.2
16
21.7
15.5
15.9
16.5
15.7
33.9
19.9
19.1
26.5
13.2
27.6
35.4
12.5
18.6
18.6
15.6
16.7
19.4
16.9
16.7
16
20.4
16.1
20.3
14.4
20.4
15.7
20.9
27.6
12.4
23
20.7
17.5
16.4
22.6
12.2
17.1
22.3
18.6
21.7
27.7
19.4
11.8
14
14.8
19.7
19.4
11.5
12.6
10.6
13.4
18.3
13.6
15.4
17.1
14
15.8
16.7
12.9
10
11.1
10.5
14.2
13.9
7.6
12.8
14.9
12.9
11.8
12.3
18.3
9.1
15.4
12.8
13.6
16
17.8
11.7
15.6
20.8
14.4
22.9
24
26.2
33.3
15.1
15.9
14.3
18.4
17.4
16.1
23.3
16.4
17
13.8
14.6
14.5
14
16
15.9
16.3
16.3
20.9
11.4
15.5
13.2
13.4
22.2
15
15.6
19.1
17.8
13.8
14.4
9.3
13.8
14
15.1
18.2
15.2
23
16.8
15.2
18.2
16.7
17.2
17.5
17.9
14.3
16.2
16.1
17.1
9.8
20
15.8
13.9
15.8
26.8
14.3
18.6
21.4
18.8
15.4
16.6
17.5
14.6
16
20.2
15.4
13.2
17.2
14.1
16.5
12.6
10.6
17.6
11.1
17
16.3
18.8
10.2
20.9
13.9
19.3
15.7
15.3
19.7
12.9
15.1
27.8
15.7
20.7
12
19.9
12.8
29.9
26.6
34
23
22.6
16.7
16.6
16.2
26
22.3
14.2
15
12.9
34.3
14.2
14.1
27.3
16.4
25.2
11.8
24
20.6
29
12.3
14
12.4
17.7
21.2
18.3
19.3
12.4
16.5
13.9
12.5
13.6
17
14.5
20.5
16.9
29.4
17.1
13
19.2
15.6
13.1
19.9
15
16.1
30.8
18.8
20.2
21.8
19.6
35.2
16.7
13.1
16.3
21.7
20.7
37
16.6
24.8
26.6
16.8
23
13.7
22.8
15.2
12.5
24
19.9
40.4
45.1
23.1
17.5
37.2
27.5
31.5
27.2
33.9
12.9
21.4
28.5
19.6
15.3
13.6
24.4
22.4
11.4
23.4
24
13
30
15.1
20.6
13
31.7
13.3
15
17.3
12.1
10.6
15.7
20
27
13.6
14.6
26.4
12.9
12.6
15.2
34.2
18.1
13.2
11.6
12.8
11.7
19.5
38.9
25.4
56.5
47.7
17.2
19.6
14.2
19.4
11.5
51.8
63.7
13.7
41.5
27.1
25.1
24.4
17.6
17.8
18.2
38.4
30.3
16.7
17.7
13.7
15.3
15.2
14.2
32.2
20.6
18.2
16.5
15.4
16.6
10.2
45.2
37.1
22.5
11.6
48.6
31.9
20.3
22.3
28.2
21.6
24.5
13.2
51.4
43
49.3
31.8
13
18.3
15.1
38.9
54.1
48.4
56.8
46.3
56.6
48.2
41.2
55.7
21.7
37.5
40.9
12.7
30.5
22.8
13.8
24.9
15.1
42.5
49.2
58.5
43
46.3
42.1
42.6
20.7
17.4
37.2
17.9
25.8
21.8
17.2
16.9
24.8
30.6
22.8
25.9
62.9
27.5
30.4
23.4
18.1
33.4
19.8
17.4
21.5
21.6
15.8
20.7
32.2
24.5
20.2
17.1
21.3
23.4
20
23.3
24.5
20.8
18.8
21.7
18.5
20.4
21.2
22.7
23
30.7
22.1
14.6
23.2
26
13.5
29.4
19.7
21.7
22.3
21.6
18.1
21.2
16.6
20.9
22.7
25
19
44.9
36.2
18.2
16.8
16.2
24.4
13.5
14.2
18.1
16.8
20.7
23.6
19.7
28.8
35.4
18.2
15.3
29.4
18.6
28.7
12.8
23.5
13.6
12.9
12.4
17
17.6
18.5
10.5
16.5
16.8
19.1
23.8
23
21.4
12
18.8
23.4
44.3
25.1
34
21.1
19
29.3
19.2
29.5
16.1
21
18.8
15.2
30.3
19.9
15.7
17.5
16.1
19.7
31.9
16.8
19.7
19.5
25.9
16.9
15.9
18.1
13.7
14.8
28.1
21.7
15.7
16
22
24
21.8
18.8
17.7
16.1
15.3
27.9
19.2
18.4
17.3
16.4
24.4
19.5
27
29
16.3
27.2
23.1
22.4
20
21
16.8
14.7
17.1
22.6
20.7
23.6
21
16.1
22.5
19
16.9
13.5
20.8
15.5
28
19.7
23.4
19.1
25.4
23.1
34.6
19.2
19.7
16.5
10.1
19.6
13
14.3
23.3
20.2
18.3
40.6
13
30.1
30.4
21.5
29.4
22.2
14
43.1
12.2
27.3
20.4
13.3
22.8
44.1
32.6
15.9
12.7
18.8
14.4
13.8
20.9
26.2
17.8
20.9
11.5
21.6
31.6
15
17
35.7
23.1
28.1
22.2
16.4
30.1
29.4
22.5
18.1
32.3
25.7
26.8
26.6
21.4
21.2
21.4
24.5
16.5
24.6
11.4
19.6
12.1
25.2
13.4
20
14.4
16.4
20.3
12.5
11.6
12.1
15.3
13.5
12
28.4
13.6
21.5
10.1
13.8
23.4
23.2
14.7
22.1
28.1
23.4
21.2
23.5
28.5
27.8
32.6
34.1
32.6
24.5
25.1
26.8
34.1
30.4
28
30
25.1
30.2
21.2
32.2
19.9
30.7
25.2
23.6
18.4
21
10.9
19.9
15.7
16.3
14.8
27.6
17.9
33.9
19
29.5
21.9
33.8
34.9
34.3
29.6
24.6
21.6
31.3
21.3
20.3
24.4
22.4
25.5
17.4
19.8
25.8
20
24.2
31.8
22
22.8
21.3
23.2
21
12.2
27.2
29.3
31.4
28.7
32.7
29.5
30.7
30.7
31.8
27.8
24.9
32.2
24.2
14.6
16.3
25.5
18.7
31.4
32.8
20.5
15.3
16.8
17.9
23.5
17.2
20.5
11.8
15.5
13.5
22.2
11.9
20.7
12.8
14.6
17.6
36.9
14.8
25.5
25.6
21.3
23.2
12.8
40
27
15.2
32
35.3
27.4
17.4
22.4
50.1
32.7
11.3
11.5
12.2
11.8
10.4
20.3
11.1
27.2
10.5
22.8
18.1
19.3
11.6
37.4
10.9
28
35
26.8
11.9
13.7
12.9
12.5
18.6
23.7
14.6
23.5
12.4
26.4
28.2
19.1
29.4
21.9
39.4
44.7
25.5
20.2
44.7
36
37.2
44.3
24
34.9
48.4
26.9
39.1
31.5
34.7
14.8
39.1
20.8
23.7
16.1
19.2
13
15.9
36.3
35